txn_id,account_id,timestamp,amount,merchant_category,is_fraud
TXN00003,ACC001,2025-01-02 14:22:00,66.39,utilities,False
TXN00001,ACC001,2025-01-02 14:58:00,47.97,utilities,False
TXN00002,ACC001,2025-01-02 18:30:00,29.37,groceries,False
TXN00004,ACC001,2025-01-04 16:05:00,27.86,dining,False
TXN00006,ACC001,2025-01-08 09:44:00,131.3,utilities,False
TXN00008,ACC001,2025-01-08 12:04:00,79.13,dining,False
TXN00005,ACC001,2025-01-08 12:28:00,54.02,dining,False
TXN00007,ACC001,2025-01-08 12:58:00,34.83,utilities,False
TXN00009,ACC001,2025-01-09 15:40:00,65.25,groceries,False
TXN00010,ACC001,2025-01-09 19:37:00,59.04,utilities,False
TXN00012,ACC001,2025-01-12 07:47:00,61.7,utilities,False
TXN00011,ACC001,2025-01-12 16:08:00,63.19,utilities,False
TXN00013,ACC001,2025-01-15 10:06:00,29.19,dining,False
TXN00014,ACC001,2025-01-15 14:51:00,38.06,dining,False
TXN00015,ACC001,2025-01-19 12:26:00,69.11,groceries,False
TXN00016,ACC001,2025-01-21 13:51:00,48.32,groceries,False
TXN00017,ACC001,2025-01-26 12:01:00,37.18,utilities,False
TXN00018,ACC001,2025-01-26 17:41:00,35.59,dining,False
TXN00019,ACC001,2025-01-27 14:41:00,62.76,groceries,False
TXN00020,ACC001,2025-01-28 12:57:00,23.23,groceries,False
TXN00021,ACC001,2025-01-28 12:57:00,54.96,dining,False
TXN00024,ACC001,2025-01-29 10:43:00,50.68,groceries,False
TXN00023,ACC001,2025-01-29 13:54:00,68.5,utilities,False
TXN00025,ACC001,2025-01-29 15:10:00,21.84,groceries,False
TXN00022,ACC001,2025-01-29 17:44:00,27.98,groceries,False
TXN00028,ACC001,2025-01-31 11:39:00,93.53,groceries,False
TXN00027,ACC001,2025-01-31 18:02:00,88.79,groceries,False
TXN00026,ACC001,2025-01-31 18:37:00,49.22,groceries,False
TXN00031,ACC001,2025-02-02 07:04:00,122.12,utilities,False
TXN00029,ACC001,2025-02-02 16:35:00,40.27,groceries,False
TXN00030,ACC001,2025-02-02 21:25:00,52.64,dining,False
TXN00032,ACC001,2025-02-05 14:57:00,36.56,groceries,False
TXN00033,ACC001,2025-02-06 12:49:00,48.68,dining,False
TXN00462,ACC001,2025-02-07 18:00:00,89.3,cash_advance,True
TXN00034,ACC001,2025-02-08 09:14:00,108.92,dining,False
TXN00035,ACC001,2025-02-08 21:46:00,73.55,dining,False
TXN00036,ACC001,2025-02-09 20:08:00,130.44,dining,False
TXN00038,ACC001,2025-02-12 09:31:00,24.38,groceries,False
TXN00037,ACC001,2025-02-12 20:15:00,32.44,groceries,False
TXN00039,ACC001,2025-02-12 21:59:00,49.06,groceries,False
TXN00040,ACC001,2025-02-15 18:20:00,78.24,dining,False
TXN00041,ACC001,2025-02-15 20:05:00,96.98,dining,False
TXN00042,ACC001,2025-02-17 10:04:00,41.14,utilities,False
TXN00043,ACC001,2025-02-18 11:18:00,62.07,groceries,False
TXN00045,ACC001,2025-02-18 21:00:00,90.96,groceries,False
TXN00044,ACC001,2025-02-18 21:29:00,41.47,dining,False
TXN00047,ACC001,2025-02-20 07:42:00,23.18,utilities,False
TXN00046,ACC001,2025-02-20 08:25:00,38.08,groceries,False
TXN00048,ACC001,2025-02-20 08:26:00,57.45,groceries,False
TXN00050,ACC001,2025-02-21 11:57:00,40.23,utilities,False
TXN00049,ACC001,2025-02-21 14:39:00,87.83,dining,False
TXN00459,ACC001,2025-02-22 14:00:00,55.08,wire_transfer,True
TXN00051,ACC001,2025-02-24 18:25:00,158.44,groceries,False
TXN00053,ACC001,2025-02-27 10:47:00,15.38,dining,False
TXN00052,ACC001,2025-02-27 15:39:00,31.25,groceries,False
TXN00055,ACC001,2025-03-03 11:27:00,130.49,groceries,False
TXN00054,ACC001,2025-03-03 14:06:00,18.69,dining,False
TXN00428,ACC001,2025-03-04 12:00:00,502.19,dining,True
TXN00447,ACC001,2025-03-04 15:00:00,50.01,wire_transfer,True
TXN00448,ACC001,2025-03-04 15:08:00,38.26,cash_advance,True
TXN00449,ACC001,2025-03-04 15:16:00,61.29,wire_transfer,True
TXN00450,ACC001,2025-03-04 15:24:00,36.35,atm_withdrawal,True
TXN00056,ACC001,2025-03-06 10:28:00,53.38,dining,False
TXN00057,ACC001,2025-03-08 20:55:00,55.93,groceries,False
TXN00058,ACC001,2025-03-09 11:32:00,39.39,groceries,False
TXN00059,ACC001,2025-03-10 13:35:00,74.67,utilities,False
TXN00063,ACC001,2025-03-11 08:50:00,51.32,dining,False
TXN00061,ACC001,2025-03-11 10:14:00,98.82,utilities,False
TXN00060,ACC001,2025-03-11 12:29:00,183.77,groceries,False
TXN00062,ACC001,2025-03-11 13:16:00,25.8,groceries,False
TXN00067,ACC001,2025-03-12 10:15:00,37.36,dining,False
TXN00070,ACC001,2025-03-12 11:26:00,26.58,dining,False
TXN00065,ACC001,2025-03-12 11:30:00,93.92,utilities,False
TXN00069,ACC001,2025-03-12 12:22:00,69.31,utilities,False
TXN00066,ACC001,2025-03-12 13:47:00,49.15,dining,False
TXN00068,ACC001,2025-03-12 14:09:00,106.73,dining,False
TXN00064,ACC001,2025-03-12 20:44:00,39.67,groceries,False
TXN00430,ACC001,2025-03-13 04:00:00,87.97,atm_withdrawal,True
TXN00071,ACC001,2025-03-13 13:32:00,107.62,dining,False
TXN00072,ACC001,2025-03-13 16:12:00,38.8,utilities,False
TXN00074,ACC001,2025-03-13 18:02:00,66.54,groceries,False
TXN00073,ACC001,2025-03-13 18:37:00,31.75,groceries,False
TXN00075,ACC001,2025-03-15 16:43:00,64.85,dining,False
TXN00076,ACC001,2025-03-15 21:43:00,25.04,groceries,False
TXN00077,ACC001,2025-03-21 14:36:00,32.48,groceries,False
TXN00078,ACC001,2025-03-21 15:00:00,14.31,dining,False
TXN00080,ACC001,2025-03-22 08:43:00,54.1,groceries,False
TXN00079,ACC001,2025-03-22 09:55:00,60.47,utilities,False
TXN00081,ACC001,2025-03-22 17:25:00,33.82,groceries,False
TXN00082,ACC001,2025-03-22 17:43:00,50.56,dining,False
TXN00083,ACC001,2025-03-24 11:09:00,54.51,groceries,False
TXN00084,ACC001,2025-03-24 21:33:00,42.27,dining,False
TXN00424,ACC001,2025-03-27 19:00:00,474.15,dining,True
TXN00087,ACC001,2025-03-29 14:35:00,35.8,dining,False
TXN00086,ACC001,2025-03-29 19:52:00,16.53,dining,False
TXN00085,ACC001,2025-03-29 19:57:00,59.37,groceries,False
TXN00089,ACC001,2025-03-30 07:18:00,58.48,utilities,False
TXN00088,ACC001,2025-03-30 07:58:00,30.25,dining,False
TXN00092,ACC001,2025-03-31 16:37:00,50.46,groceries,False
TXN00091,ACC001,2025-03-31 16:59:00,32.31,groceries,False
TXN00090,ACC001,2025-03-31 18:46:00,63.92,utilities,False
TXN00093,ACC002,2025-01-01 13:08:00,242.75,software,False
TXN00094,ACC002,2025-01-04 09:09:00,81.21,office_supplies,False
TXN00095,ACC002,2025-01-06 17:48:00,190.79,office_supplies,False
TXN00096,ACC002,2025-01-06 18:50:00,427.29,software,False
TXN00097,ACC002,2025-01-07 08:07:00,209.47,travel,False
TXN00099,ACC002,2025-01-10 14:58:00,110.23,travel,False
TXN00098,ACC002,2025-01-10 18:00:00,328.79,office_supplies,False
TXN00100,ACC002,2025-01-12 07:22:00,168.46,office_supplies,False
TXN00101,ACC002,2025-01-12 12:58:00,158.62,travel,False
TXN00102,ACC002,2025-01-12 18:15:00,259.29,travel,False
TXN00103,ACC002,2025-01-13 15:41:00,186.4,travel,False
TXN00105,ACC002,2025-01-13 17:24:00,583.55,office_supplies,False
TXN00104,ACC002,2025-01-13 21:09:00,206.04,office_supplies,False
TXN00106,ACC002,2025-01-14 08:36:00,259.87,travel,False
TXN00107,ACC002,2025-01-14 13:38:00,257.39,office_supplies,False
TXN00108,ACC002,2025-01-15 13:55:00,190.0,office_supplies,False
TXN00109,ACC002,2025-01-15 14:28:00,382.46,office_supplies,False
TXN00110,ACC002,2025-01-20 15:31:00,806.31,travel,False
TXN00112,ACC002,2025-01-20 20:07:00,213.84,software,False
TXN00111,ACC002,2025-01-20 21:30:00,450.44,travel,False
TXN00113,ACC002,2025-01-21 14:50:00,306.87,software,False
TXN00114,ACC002,2025-01-21 19:49:00,190.66,office_supplies,False
TXN00115,ACC002,2025-01-22 17:18:00,88.05,software,False
TXN00116,ACC002,2025-01-25 07:14:00,103.79,travel,False
TXN00120,ACC002,2025-01-26 09:42:00,344.65,office_supplies,False
TXN00118,ACC002,2025-01-26 12:55:00,210.73,travel,False
TXN00119,ACC002,2025-01-26 17:12:00,261.37,travel,False
TXN00117,ACC002,2025-01-26 18:41:00,100.8,software,False
TXN00121,ACC002,2025-01-31 11:04:00,234.95,office_supplies,False
TXN00122,ACC002,2025-01-31 13:28:00,183.6,travel,False
TXN00124,ACC002,2025-02-01 14:59:00,66.45,travel,False
TXN00123,ACC002,2025-02-01 16:13:00,302.59,office_supplies,False
TXN00125,ACC002,2025-02-02 19:50:00,249.0,travel,False
TXN00434,ACC002,2025-02-05 03:00:00,496.82,atm_withdrawal,True
TXN00127,ACC002,2025-02-05 11:28:00,255.15,software,False
TXN00126,ACC002,2025-02-05 16:52:00,266.71,travel,False
TXN00131,ACC002,2025-02-06 07:20:00,318.41,office_supplies,False
TXN00129,ACC002,2025-02-06 14:06:00,212.36,software,False
TXN00128,ACC002,2025-02-06 19:34:00,170.16,travel,False
TXN00130,ACC002,2025-02-06 20:37:00,150.03,travel,False
TXN00132,ACC002,2025-02-08 07:33:00,250.8,office_supplies,False
TXN00133,ACC002,2025-02-08 09:42:00,241.91,software,False
TXN00138,ACC002,2025-02-10 07:30:00,169.58,software,False
TXN00135,ACC002,2025-02-10 16:33:00,247.49,travel,False
TXN00137,ACC002,2025-02-10 19:44:00,96.33,office_supplies,False
TXN00139,ACC002,2025-02-10 20:59:00,248.26,office_supplies,False
TXN00136,ACC002,2025-02-10 21:06:00,249.17,software,False
TXN00140,ACC002,2025-02-10 21:14:00,164.82,travel,False
TXN00134,ACC002,2025-02-10 21:30:00,122.16,software,False
TXN00141,ACC002,2025-02-11 07:22:00,287.91,travel,False
TXN00142,ACC002,2025-02-11 08:55:00,107.96,software,False
TXN00143,ACC002,2025-02-11 16:46:00,146.98,software,False
TXN00144,ACC002,2025-02-11 18:23:00,248.25,software,False
TXN00145,ACC002,2025-02-11 20:14:00,454.51,office_supplies,False
TXN00147,ACC002,2025-02-12 16:40:00,130.76,travel,False
TXN00148,ACC002,2025-02-12 19:31:00,787.05,travel,False
TXN00146,ACC002,2025-02-12 19:45:00,179.08,travel,False
TXN00149,ACC002,2025-02-13 08:16:00,200.07,software,False
TXN00150,ACC002,2025-02-13 09:40:00,285.97,office_supplies,False
TXN00151,ACC002,2025-02-17 08:34:00,92.6,office_supplies,False
TXN00152,ACC002,2025-02-17 12:29:00,554.21,software,False
TXN00153,ACC002,2025-02-18 12:12:00,258.09,office_supplies,False
TXN00154,ACC002,2025-02-18 13:57:00,403.38,travel,False
TXN00156,ACC002,2025-02-19 11:53:00,169.4,software,False
TXN00155,ACC002,2025-02-19 12:53:00,93.77,travel,False
TXN00158,ACC002,2025-02-19 16:01:00,113.89,office_supplies,False
TXN00157,ACC002,2025-02-19 21:44:00,325.72,travel,False
TXN00159,ACC002,2025-02-20 12:52:00,266.71,office_supplies,False
TXN00162,ACC002,2025-02-23 08:25:00,177.9,travel,False
TXN00161,ACC002,2025-02-23 14:11:00,326.7,office_supplies,False
TXN00160,ACC002,2025-02-23 15:40:00,176.96,software,False
TXN00163,ACC002,2025-02-23 18:30:00,194.56,office_supplies,False
TXN00164,ACC002,2025-02-25 07:03:00,135.88,office_supplies,False
TXN00423,ACC002,2025-02-25 12:00:00,1624.5,software,True
TXN00165,ACC002,2025-02-26 07:03:00,131.4,travel,False
TXN00166,ACC002,2025-02-26 12:46:00,135.05,office_supplies,False
TXN00168,ACC002,2025-02-27 08:24:00,218.67,software,False
TXN00167,ACC002,2025-02-27 10:24:00,218.5,office_supplies,False
TXN00460,ACC002,2025-02-27 14:00:00,438.58,wire_transfer,True
TXN00169,ACC002,2025-02-28 13:25:00,184.59,travel,False
TXN00170,ACC002,2025-02-28 19:31:00,386.7,office_supplies,False
TXN00172,ACC002,2025-03-01 07:29:00,275.21,travel,False
TXN00173,ACC002,2025-03-01 09:09:00,289.45,office_supplies,False
TXN00171,ACC002,2025-03-01 18:19:00,322.88,travel,False
TXN00174,ACC002,2025-03-03 09:48:00,97.88,office_supplies,False
TXN00176,ACC002,2025-03-05 09:53:00,140.76,software,False
TXN00177,ACC002,2025-03-05 11:15:00,189.43,travel,False
TXN00175,ACC002,2025-03-05 11:51:00,540.46,travel,False
TXN00178,ACC002,2025-03-05 13:58:00,537.11,travel,False
TXN00180,ACC002,2025-03-06 10:30:00,318.5,travel,False
TXN00179,ACC002,2025-03-06 15:47:00,274.49,office_supplies,False
TXN00181,ACC002,2025-03-07 18:20:00,229.39,software,False
TXN00183,ACC002,2025-03-11 07:10:00,226.74,office_supplies,False
TXN00182,ACC002,2025-03-11 09:46:00,127.34,office_supplies,False
TXN00184,ACC002,2025-03-11 21:15:00,211.4,office_supplies,False
TXN00443,ACC002,2025-03-12 18:00:00,186.0,crypto_exchange,True
TXN00444,ACC002,2025-03-12 18:08:00,184.46,atm_withdrawal,True
TXN00445,ACC002,2025-03-12 18:16:00,179.35,cash_advance,True
TXN00446,ACC002,2025-03-12 18:24:00,306.71,gift_cards,True
TXN00185,ACC002,2025-03-14 09:16:00,151.5,travel,False
TXN00186,ACC002,2025-03-14 15:07:00,267.54,office_supplies,False
TXN00188,ACC002,2025-03-14 15:09:00,367.43,office_supplies,False
TXN00187,ACC002,2025-03-14 21:50:00,206.91,office_supplies,False
TXN00191,ACC002,2025-03-15 09:25:00,245.24,software,False
TXN00190,ACC002,2025-03-15 15:16:00,118.1,software,False
TXN00189,ACC002,2025-03-15 18:40:00,418.76,software,False
TXN00192,ACC002,2025-03-17 07:46:00,179.94,software,False
TXN00193,ACC002,2025-03-17 09:40:00,252.2,travel,False
TXN00194,ACC002,2025-03-18 21:55:00,257.94,software,False
TXN00197,ACC002,2025-03-19 13:06:00,181.95,software,False
TXN00195,ACC002,2025-03-19 13:31:00,403.72,travel,False
TXN00196,ACC002,2025-03-19 17:32:00,480.27,software,False
TXN00198,ACC002,2025-03-19 19:51:00,186.89,software,False
TXN00199,ACC002,2025-03-20 10:58:00,223.95,software,False
TXN00200,ACC002,2025-03-20 17:55:00,234.9,software,False
TXN00201,ACC002,2025-03-21 07:36:00,183.59,travel,False
TXN00203,ACC002,2025-03-21 12:23:00,221.54,office_supplies,False
TXN00202,ACC002,2025-03-21 14:04:00,223.45,office_supplies,False
TXN00204,ACC002,2025-03-23 09:11:00,213.67,office_supplies,False
TXN00425,ACC002,2025-03-23 12:00:00,1615.61,software,True
TXN00205,ACC002,2025-03-23 15:52:00,155.54,travel,False
TXN00207,ACC002,2025-03-24 07:28:00,316.01,office_supplies,False
TXN00206,ACC002,2025-03-24 10:27:00,252.92,office_supplies,False
TXN00208,ACC002,2025-03-25 16:14:00,196.99,office_supplies,False
TXN00429,ACC002,2025-03-28 02:00:00,504.42,atm_withdrawal,True
TXN00209,ACC003,2025-01-01 21:18:00,282.1,dining,False
TXN00210,ACC003,2025-01-04 08:04:00,299.48,travel,False
TXN00211,ACC003,2025-01-08 08:45:00,325.13,travel,False
TXN00212,ACC003,2025-01-08 10:36:00,980.52,electronics,False
TXN00213,ACC003,2025-01-10 09:50:00,240.34,dining,False
TXN00214,ACC003,2025-01-11 13:52:00,624.33,electronics,False
TXN00215,ACC003,2025-01-13 11:14:00,298.56,travel,False
TXN00216,ACC003,2025-01-13 21:04:00,263.01,electronics,False
TXN00218,ACC003,2025-01-14 08:21:00,437.95,travel,False
TXN00217,ACC003,2025-01-14 12:32:00,311.62,dining,False
TXN00220,ACC003,2025-01-15 10:52:00,539.65,travel,False
TXN00219,ACC003,2025-01-15 12:33:00,196.86,travel,False
TXN00223,ACC003,2025-01-17 12:28:00,438.7,electronics,False
TXN00221,ACC003,2025-01-17 14:31:00,413.99,electronics,False
TXN00222,ACC003,2025-01-17 21:08:00,56.47,electronics,False
TXN00224,ACC003,2025-01-18 20:55:00,274.77,dining,False
TXN00226,ACC003,2025-01-22 11:52:00,555.64,travel,False
TXN00225,ACC003,2025-01-22 18:00:00,176.9,travel,False
TXN00227,ACC003,2025-01-22 18:07:00,303.85,electronics,False
TXN00229,ACC003,2025-01-23 16:35:00,436.96,dining,False
TXN00228,ACC003,2025-01-23 16:43:00,284.79,dining,False
TXN00230,ACC003,2025-01-23 21:31:00,392.55,dining,False
TXN00235,ACC003,2025-01-26 11:25:00,339.78,dining,False
TXN00233,ACC003,2025-01-26 12:24:00,417.5,travel,False
TXN00234,ACC003,2025-01-26 17:35:00,373.65,dining,False
TXN00231,ACC003,2025-01-26 18:39:00,540.89,dining,False
TXN00232,ACC003,2025-01-26 21:42:00,675.42,dining,False
TXN00237,ACC003,2025-01-27 08:39:00,510.84,travel,False
TXN00236,ACC003,2025-01-27 12:49:00,489.3,travel,False
TXN00238,ACC003,2025-01-28 07:09:00,152.99,electronics,False
TXN00240,ACC003,2025-01-29 11:16:00,409.92,electronics,False
TXN00239,ACC003,2025-01-29 20:16:00,295.75,travel,False
TXN00242,ACC003,2025-01-30 11:43:00,387.35,electronics,False
TXN00243,ACC003,2025-01-30 13:41:00,446.09,dining,False
TXN00244,ACC003,2025-01-30 13:42:00,573.07,electronics,False
TXN00241,ACC003,2025-01-30 18:15:00,349.19,travel,False
TXN00247,ACC003,2025-01-31 13:54:00,459.08,travel,False
TXN00246,ACC003,2025-01-31 16:48:00,227.77,dining,False
TXN00245,ACC003,2025-01-31 19:32:00,496.32,dining,False
TXN00249,ACC003,2025-02-05 11:15:00,437.16,dining,False
TXN00248,ACC003,2025-02-05 19:36:00,429.89,dining,False
TXN00252,ACC003,2025-02-06 09:41:00,200.46,electronics,False
TXN00250,ACC003,2025-02-06 13:21:00,204.78,travel,False
TXN00251,ACC003,2025-02-06 13:47:00,720.9,travel,False
TXN00254,ACC003,2025-02-07 16:52:00,717.36,electronics,False
TXN00253,ACC003,2025-02-07 21:09:00,676.84,dining,False
TXN00255,ACC003,2025-02-08 15:47:00,361.0,dining,False
TXN00257,ACC003,2025-02-10 10:30:00,520.82,electronics,False
TXN00256,ACC003,2025-02-10 20:09:00,259.79,dining,False
TXN00451,ACC003,2025-02-11 15:00:00,414.63,atm_withdrawal,True
TXN00452,ACC003,2025-02-11 15:08:00,316.76,atm_withdrawal,True
TXN00453,ACC003,2025-02-11 15:16:00,441.7,crypto_exchange,True
TXN00454,ACC003,2025-02-11 15:24:00,457.58,gift_cards,True
TXN00258,ACC003,2025-02-13 16:41:00,569.5,electronics,False
TXN00259,ACC003,2025-02-14 10:03:00,453.85,electronics,False
TXN00260,ACC003,2025-02-14 12:19:00,177.69,electronics,False
TXN00463,ACC003,2025-02-15 10:00:00,521.73,gift_cards,True
TXN00261,ACC003,2025-02-16 17:48:00,196.73,travel,False
TXN00262,ACC003,2025-02-16 20:16:00,364.1,travel,False
TXN00263,ACC003,2025-02-17 11:32:00,213.5,dining,False
TXN00264,ACC003,2025-02-18 07:20:00,848.61,dining,False
TXN00426,ACC003,2025-02-18 12:00:00,2652.03,travel,True
TXN00265,ACC003,2025-02-18 12:10:00,309.82,travel,False
TXN00266,ACC003,2025-02-18 19:16:00,306.86,electronics,False
TXN00267,ACC003,2025-02-20 11:45:00,334.8,dining,False
TXN00269,ACC003,2025-02-20 13:13:00,266.76,dining,False
TXN00268,ACC003,2025-02-20 18:42:00,109.74,dining,False
TXN00270,ACC003,2025-02-21 18:20:00,582.57,travel,False
TXN00272,ACC003,2025-02-23 12:11:00,731.0,electronics,False
TXN00271,ACC003,2025-02-23 21:39:00,496.13,electronics,False
TXN00273,ACC003,2025-02-25 14:39:00,308.16,travel,False
TXN00464,ACC003,2025-02-28 10:00:00,500.38,cash_advance,True
TXN00274,ACC003,2025-03-02 18:55:00,134.81,dining,False
TXN00276,ACC003,2025-03-03 11:07:00,180.85,dining,False
TXN00275,ACC003,2025-03-03 12:33:00,377.0,electronics,False
TXN00277,ACC003,2025-03-03 13:33:00,234.59,electronics,False
TXN00278,ACC003,2025-03-04 07:35:00,420.15,electronics,False
TXN00280,ACC003,2025-03-05 10:28:00,189.41,dining,False
TXN00281,ACC003,2025-03-05 11:40:00,735.38,electronics,False
TXN00279,ACC003,2025-03-05 19:56:00,509.28,dining,False
TXN00282,ACC003,2025-03-06 08:04:00,252.81,travel,False
TXN00283,ACC003,2025-03-06 09:19:00,245.12,travel,False
TXN00284,ACC003,2025-03-07 07:55:00,274.07,dining,False
TXN00427,ACC003,2025-03-07 17:00:00,4179.58,electronics,True
TXN00285,ACC003,2025-03-10 07:06:00,113.64,dining,False
TXN00435,ACC003,2025-03-11 13:00:00,463.55,cash_advance,True
TXN00436,ACC003,2025-03-11 13:08:00,361.72,cash_advance,True
TXN00437,ACC003,2025-03-11 13:16:00,311.17,crypto_exchange,True
TXN00438,ACC003,2025-03-11 13:24:00,326.23,cash_advance,True
TXN00286,ACC003,2025-03-14 08:12:00,503.86,dining,False
TXN00287,ACC003,2025-03-14 14:56:00,462.99,electronics,False
TXN00290,ACC003,2025-03-15 08:39:00,476.77,travel,False
TXN00288,ACC003,2025-03-15 19:17:00,365.47,electronics,False
TXN00289,ACC003,2025-03-15 19:23:00,235.49,dining,False
TXN00292,ACC003,2025-03-16 16:22:00,141.75,electronics,False
TXN00293,ACC003,2025-03-16 17:23:00,160.49,travel,False
TXN00291,ACC003,2025-03-16 17:24:00,590.15,electronics,False
TXN00294,ACC003,2025-03-18 13:58:00,343.32,dining,False
TXN00295,ACC003,2025-03-18 14:05:00,275.01,dining,False
TXN00296,ACC003,2025-03-18 17:58:00,521.04,dining,False
TXN00461,ACC003,2025-03-19 14:00:00,743.83,atm_withdrawal,True
TXN00301,ACC003,2025-03-21 09:51:00,127.85,travel,False
TXN00300,ACC003,2025-03-21 15:04:00,635.71,travel,False
TXN00299,ACC003,2025-03-21 16:02:00,786.8,electronics,False
TXN00297,ACC003,2025-03-21 16:56:00,290.17,travel,False
TXN00298,ACC003,2025-03-21 20:55:00,354.11,dining,False
TXN00302,ACC003,2025-03-22 13:52:00,953.07,electronics,False
TXN00303,ACC003,2025-03-22 19:33:00,381.0,electronics,False
TXN00304,ACC003,2025-03-24 09:55:00,359.49,dining,False
TXN00308,ACC003,2025-03-24 13:56:00,294.17,dining,False
TXN00305,ACC003,2025-03-24 15:22:00,97.99,dining,False
TXN00307,ACC003,2025-03-24 16:58:00,212.67,electronics,False
TXN00306,ACC003,2025-03-24 19:30:00,308.7,dining,False
TXN00310,ACC003,2025-03-25 07:56:00,166.57,dining,False
TXN00311,ACC003,2025-03-25 13:41:00,239.29,dining,False
TXN00309,ACC003,2025-03-25 17:18:00,876.6,travel,False
TXN00312,ACC003,2025-03-26 17:34:00,405.21,dining,False
TXN00313,ACC003,2025-03-26 20:12:00,328.99,dining,False
TXN00314,ACC003,2025-03-27 09:30:00,400.61,electronics,False
TXN00315,ACC003,2025-03-30 09:25:00,435.91,travel,False
TXN00318,ACC003,2025-03-30 11:31:00,308.43,electronics,False
TXN00316,ACC003,2025-03-30 15:22:00,1110.82,electronics,False
TXN00317,ACC003,2025-03-30 16:02:00,242.69,dining,False
TXN00455,ACC003,2025-03-30 19:00:00,401.05,cash_advance,True
TXN00456,ACC003,2025-03-30 19:08:00,396.92,crypto_exchange,True
TXN00457,ACC003,2025-03-30 19:16:00,368.12,wire_transfer,True
TXN00458,ACC003,2025-03-30 19:24:00,291.26,crypto_exchange,True
TXN00319,ACC004,2025-01-02 07:50:00,31.56,entertainment,False
TXN00320,ACC004,2025-01-05 15:10:00,38.47,entertainment,False
TXN00321,ACC004,2025-01-05 18:11:00,30.19,groceries,False
TXN00326,ACC004,2025-01-06 12:11:00,46.68,dining,False
TXN00323,ACC004,2025-01-06 12:32:00,28.92,groceries,False
TXN00328,ACC004,2025-01-06 13:11:00,52.33,entertainment,False
TXN00325,ACC004,2025-01-06 13:27:00,23.02,groceries,False
TXN00327,ACC004,2025-01-06 17:04:00,29.58,entertainment,False
TXN00324,ACC004,2025-01-06 21:26:00,5.96,entertainment,False
TXN00322,ACC004,2025-01-06 21:55:00,33.01,entertainment,False
TXN00329,ACC004,2025-01-07 19:12:00,63.44,entertainment,False
TXN00330,ACC004,2025-01-08 10:33:00,22.57,groceries,False
TXN00332,ACC004,2025-01-08 15:21:00,34.63,entertainment,False
TXN00331,ACC004,2025-01-08 20:03:00,18.7,groceries,False
TXN00333,ACC004,2025-01-10 08:05:00,76.21,dining,False
TXN00336,ACC004,2025-01-10 09:36:00,27.37,groceries,False
TXN00337,ACC004,2025-01-10 09:40:00,37.75,entertainment,False
TXN00335,ACC004,2025-01-10 11:46:00,22.51,dining,False
TXN00334,ACC004,2025-01-10 13:37:00,25.35,entertainment,False
TXN00338,ACC004,2025-01-12 10:49:00,11.04,groceries,False
TXN00339,ACC004,2025-01-12 14:31:00,23.98,entertainment,False
TXN00341,ACC004,2025-01-14 10:13:00,23.26,dining,False
TXN00340,ACC004,2025-01-14 13:58:00,12.47,groceries,False
TXN00342,ACC004,2025-01-16 07:48:00,23.72,entertainment,False
TXN00344,ACC004,2025-01-16 16:11:00,26.16,entertainment,False
TXN00343,ACC004,2025-01-16 18:46:00,52.06,dining,False
TXN00348,ACC004,2025-01-17 08:23:00,24.83,groceries,False
TXN00346,ACC004,2025-01-17 14:02:00,12.66,entertainment,False
TXN00347,ACC004,2025-01-17 14:12:00,10.33,dining,False
TXN00345,ACC004,2025-01-17 15:25:00,40.98,dining,False
TXN00349,ACC004,2025-01-20 08:57:00,20.56,groceries,False
TXN00350,ACC004,2025-01-21 09:50:00,38.78,groceries,False
TXN00352,ACC004,2025-01-21 11:14:00,24.72,groceries,False
TXN00353,ACC004,2025-01-21 17:33:00,14.63,groceries,False
TXN00351,ACC004,2025-01-21 18:28:00,29.46,dining,False
TXN00354,ACC004,2025-01-22 08:26:00,18.29,entertainment,False
TXN00355,ACC004,2025-01-22 12:21:00,29.49,groceries,False
TXN00356,ACC004,2025-01-22 14:20:00,8.72,dining,False
TXN00357,ACC004,2025-01-22 20:45:00,67.87,groceries,False
TXN00358,ACC004,2025-01-23 11:51:00,10.78,dining,False
TXN00359,ACC004,2025-01-23 15:45:00,17.49,dining,False
TXN00360,ACC004,2025-01-31 14:42:00,8.6,groceries,False
TXN00362,ACC004,2025-02-01 08:42:00,36.36,groceries,False
TXN00361,ACC004,2025-02-01 18:33:00,13.96,entertainment,False
TXN00364,ACC004,2025-02-06 12:59:00,32.93,dining,False
TXN00363,ACC004,2025-02-06 19:36:00,22.21,dining,False
TXN00365,ACC004,2025-02-07 18:03:00,18.69,entertainment,False
TXN00366,ACC004,2025-02-10 13:13:00,23.24,entertainment,False
TXN00368,ACC004,2025-02-12 10:00:00,11.31,dining,False
TXN00369,ACC004,2025-02-12 17:15:00,22.4,dining,False
TXN00367,ACC004,2025-02-12 21:16:00,13.97,dining,False
TXN00371,ACC004,2025-02-13 12:59:00,29.72,groceries,False
TXN00370,ACC004,2025-02-13 18:40:00,41.82,groceries,False
TXN00373,ACC004,2025-02-14 09:22:00,40.06,groceries,False
TXN00372,ACC004,2025-02-14 10:08:00,11.12,dining,False
TXN00375,ACC004,2025-02-15 09:24:00,29.35,groceries,False
TXN00374,ACC004,2025-02-15 09:44:00,30.2,entertainment,False
TXN00376,ACC004,2025-02-15 20:04:00,14.66,groceries,False
TXN00433,ACC004,2025-02-17 01:00:00,58.02,atm_withdrawal,True
TXN00377,ACC004,2025-02-17 09:11:00,49.3,groceries,False
TXN00378,ACC004,2025-02-17 11:11:00,22.42,entertainment,False
TXN00379,ACC004,2025-02-19 11:08:00,17.81,dining,False
TXN00380,ACC004,2025-02-19 13:55:00,10.28,groceries,False
TXN00381,ACC004,2025-02-20 08:09:00,25.59,dining,False
TXN00385,ACC004,2025-02-21 09:56:00,10.34,entertainment,False
TXN00383,ACC004,2025-02-21 15:18:00,16.5,dining,False
TXN00382,ACC004,2025-02-21 18:31:00,42.85,groceries,False
TXN00384,ACC004,2025-02-21 18:36:00,28.8,groceries,False
TXN00387,ACC004,2025-02-23 11:30:00,23.55,dining,False
TXN00386,ACC004,2025-02-23 13:25:00,11.86,groceries,False
TXN00388,ACC004,2025-02-23 15:51:00,17.67,dining,False
TXN00389,ACC004,2025-02-23 21:54:00,47.24,entertainment,False
TXN00390,ACC004,2025-02-25 18:20:00,10.37,entertainment,False
TXN00431,ACC004,2025-02-27 01:00:00,74.44,atm_withdrawal,True
TXN00394,ACC004,2025-03-01 11:14:00,11.15,entertainment,False
TXN00392,ACC004,2025-03-01 11:30:00,23.91,entertainment,False
TXN00391,ACC004,2025-03-01 15:24:00,25.03,groceries,False
TXN00393,ACC004,2025-03-01 16:58:00,26.75,entertainment,False
TXN00395,ACC004,2025-03-05 20:42:00,19.11,dining,False
TXN00396,ACC004,2025-03-06 14:50:00,38.68,dining,False
TXN00398,ACC004,2025-03-06 19:13:00,27.33,entertainment,False
TXN00397,ACC004,2025-03-06 20:03:00,11.39,dining,False
TXN00401,ACC004,2025-03-07 12:44:00,28.14,groceries,False
TXN00399,ACC004,2025-03-07 18:13:00,27.68,dining,False
TXN00400,ACC004,2025-03-07 21:26:00,26.83,entertainment,False
TXN00403,ACC004,2025-03-08 07:20:00,34.45,groceries,False
TXN00402,ACC004,2025-03-08 14:01:00,18.7,entertainment,False
TXN00404,ACC004,2025-03-12 09:17:00,42.2,groceries,False
TXN00405,ACC004,2025-03-13 07:59:00,43.93,groceries,False
TXN00406,ACC004,2025-03-20 08:10:00,22.74,dining,False
TXN00408,ACC004,2025-03-20 09:45:00,32.21,groceries,False
TXN00407,ACC004,2025-03-20 13:47:00,26.43,dining,False
TXN00411,ACC004,2025-03-21 08:17:00,18.84,groceries,False
TXN00410,ACC004,2025-03-21 10:27:00,18.35,entertainment,False
TXN00409,ACC004,2025-03-21 20:45:00,19.55,entertainment,False
TXN00415,ACC004,2025-03-26 07:45:00,13.08,dining,False
TXN00412,ACC004,2025-03-26 11:45:00,23.26,dining,False
TXN00413,ACC004,2025-03-26 13:05:00,38.09,groceries,False
TXN00414,ACC004,2025-03-26 13:49:00,19.95,entertainment,False
TXN00432,ACC004,2025-03-28 04:00:00,67.44,atm_withdrawal,True
TXN00416,ACC004,2025-03-29 14:07:00,26.22,groceries,False
TXN00418,ACC004,2025-03-29 14:33:00,43.53,dining,False
TXN00417,ACC004,2025-03-29 17:28:00,15.29,dining,False
TXN00419,ACC004,2025-03-30 13:13:00,10.91,dining,False
TXN00420,ACC004,2025-03-31 07:12:00,23.22,dining,False
TXN00421,ACC004,2025-03-31 08:56:00,20.03,dining,False
TXN00422,ACC004,2025-03-31 16:11:00,21.47,groceries,False
TXN00439,ACC004,2025-04-01 13:00:00,23.99,gift_cards,True
TXN00440,ACC004,2025-04-01 13:08:00,29.69,wire_transfer,True
TXN00441,ACC004,2025-04-01 13:16:00,20.37,atm_withdrawal,True
TXN00442,ACC004,2025-04-01 13:24:00,23.1,crypto_exchange,True
